-- MySQL Script generated by MySQL Workbench
-- Thu Feb 24 10:16:47 2022
-- Model: New Model    Version: 1.0
-- MySQL Workbench Forward Engineering

SET @OLD_UNIQUE_CHECKS=@@UNIQUE_CHECKS, UNIQUE_CHECKS=0;
SET @OLD_FOREIGN_KEY_CHECKS=@@FOREIGN_KEY_CHECKS, FOREIGN_KEY_CHECKS=0;
SET @OLD_SQL_MODE=@@SQL_MODE, SQL_MODE='ONLY_FULL_GROUP_BY,STRICT_TRANS_TABLES,NO_ZERO_IN_DATE,NO_ZERO_DATE,ERROR_FOR_DIVISION_BY_ZERO,NO_ENGINE_SUBSTITUTION';

-- -----------------------------------------------------
-- Schema lyrics_player
-- -----------------------------------------------------

-- -----------------------------------------------------
-- Schema lyrics_player
-- -----------------------------------------------------
CREATE SCHEMA IF NOT EXISTS `lyrics_player` DEFAULT CHARACTER SET utf8 ;
USE `lyrics_player` ;

-- -----------------------------------------------------
-- Table `lyrics_player`.`tb_users`
-- -----------------------------------------------------
CREATE TABLE IF NOT EXISTS `lyrics_player`.`tb_users` (
  `uid` INT NOT NULL AUTO_INCREMENT,
  `id` VARCHAR(45) NULL,
  `password` VARCHAR(45) NULL,
  `insertion_time` TIMESTAMP NOT NULL DEFAULT CURRENT_TIMESTAMP,
  `modification_time` TIMESTAMP NOT NULL DEFAULT CURRENT_TIMESTAMP ON UPDATE CURRENT_TIMESTAMP,
  PRIMARY KEY (`uid`))
ENGINE = InnoDB;


-- -----------------------------------------------------
-- Table `lyrics_player`.`tb_musicians`
-- -----------------------------------------------------
CREATE TABLE IF NOT EXISTS `lyrics_player`.`tb_musicians` (
  `mid` INT NOT NULL AUTO_INCREMENT,
  `musician_name` TEXT NOT NULL,
  `thumbnail_path` TEXT NULL,
  `registrant_uid` INT NULL,
  `insertion_time` TIMESTAMP NOT NULL DEFAULT CURRENT_TIMESTAMP,
  `modification_time` TIMESTAMP NOT NULL DEFAULT CURRENT_TIMESTAMP ON UPDATE CURRENT_TIMESTAMP,
  PRIMARY KEY (`mid`))
ENGINE = InnoDB;


-- -----------------------------------------------------
-- Table `lyrics_player`.`tb_albums`
-- -----------------------------------------------------
CREATE TABLE IF NOT EXISTS `lyrics_player`.`tb_albums` (
  `aid` INT NOT NULL AUTO_INCREMENT,
  `album_name` TEXT NOT NULL,
  `tb_musicians_mid` INT NOT NULL,
  `thumbnail_path` TEXT NULL,
  `registrant_uid` INT NULL,
  `insertion_time` TIMESTAMP NOT NULL DEFAULT CURRENT_TIMESTAMP,
  `modification_time` TIMESTAMP NOT NULL DEFAULT CURRENT_TIMESTAMP ON UPDATE CURRENT_TIMESTAMP,
  PRIMARY KEY (`aid`),
  INDEX `fk_tb_albums_tb_musicians_idx` (`tb_musicians_mid` ASC) VISIBLE,
  CONSTRAINT `fk_tb_albums_tb_musicians`
    FOREIGN KEY (`tb_musicians_mid`)
    REFERENCES `lyrics_player`.`tb_musicians` (`mid`)
    ON DELETE NO ACTION
    ON UPDATE NO ACTION)
ENGINE = InnoDB;


-- -----------------------------------------------------
-- Table `lyrics_player`.`tb_songs`
-- -----------------------------------------------------
CREATE TABLE IF NOT EXISTS `lyrics_player`.`tb_songs` (
  `sid` INT NOT NULL AUTO_INCREMENT,
  `song_name` TEXT NOT NULL,
  `playtime` VARCHAR(45) NOT NULL,
  `thumbnail_path` TEXT NULL,
  `tb_albums_aid` INT NOT NULL,
  `album` VARCHAR(45) NULL,
  `lyrics` TEXT NULL,
  `registrant_uid` INT NULL,
  `insertion_time` TIMESTAMP NOT NULL DEFAULT CURRENT_TIMESTAMP,
  `modification_time` TIMESTAMP NOT NULL DEFAULT CURRENT_TIMESTAMP ON UPDATE CURRENT_TIMESTAMP,
  PRIMARY KEY (`sid`),
  INDEX `fk_tb_songs_tb_albums1_idx` (`tb_albums_aid` ASC) VISIBLE,
  CONSTRAINT `fk_tb_songs_tb_albums1`
    FOREIGN KEY (`tb_albums_aid`)
    REFERENCES `lyrics_player`.`tb_albums` (`aid`)
    ON DELETE NO ACTION
    ON UPDATE NO ACTION)
ENGINE = InnoDB;


-- -----------------------------------------------------
-- Table `lyrics_player`.`tb_comments`
-- -----------------------------------------------------
CREATE TABLE IF NOT EXISTS `lyrics_player`.`tb_comments` (
  `cid` INT NOT NULL AUTO_INCREMENT,
  `comment` VARCHAR(200) NOT NULL,
  `tb_songs_sid` INT NOT NULL,
  `tb_users_uid` INT NOT NULL,
  `create_time` TIMESTAMP NULL DEFAULT CURRENT_TIMESTAMP,
  `is_edited` TINYINT(1) NULL DEFAULT 0,
  PRIMARY KEY (`cid`),
  INDEX `fk_tb_comments_tb_songs1_idx` (`tb_songs_sid` ASC) VISIBLE,
  INDEX `fk_tb_comments_tb_users1_idx` (`tb_users_uid` ASC) VISIBLE,
  CONSTRAINT `fk_tb_comments_tb_songs1`
    FOREIGN KEY (`tb_songs_sid`)
    REFERENCES `lyrics_player`.`tb_songs` (`sid`)
    ON DELETE NO ACTION
    ON UPDATE NO ACTION,
  CONSTRAINT `fk_tb_comments_tb_users1`
    FOREIGN KEY (`tb_users_uid`)
    REFERENCES `lyrics_player`.`tb_users` (`uid`)
    ON DELETE NO ACTION
    ON UPDATE NO ACTION)
ENGINE = InnoDB;


-- -----------------------------------------------------
-- Table `lyrics_player`.`tb_song_likes`
-- -----------------------------------------------------
CREATE TABLE IF NOT EXISTS `lyrics_player`.`tb_song_likes` (
  `tb_songs_sid` INT NOT NULL,
  `tb_users_uid` INT NOT NULL,
  INDEX `fk_tb_song_like_tb_songs1_idx` (`tb_songs_sid` ASC) VISIBLE,
  INDEX `fk_tb_song_likes_tb_users1_idx` (`tb_users_uid` ASC) VISIBLE,
  CONSTRAINT `fk_tb_song_like_tb_songs1`
    FOREIGN KEY (`tb_songs_sid`)
    REFERENCES `lyrics_player`.`tb_songs` (`sid`)
    ON DELETE NO ACTION
    ON UPDATE NO ACTION,
  CONSTRAINT `fk_tb_song_likes_tb_users1`
    FOREIGN KEY (`tb_users_uid`)
    REFERENCES `lyrics_player`.`tb_users` (`uid`)
    ON DELETE NO ACTION
    ON UPDATE NO ACTION)
ENGINE = InnoDB;


-- -----------------------------------------------------
-- Table `lyrics_player`.`tb_album_likes`
-- -----------------------------------------------------
CREATE TABLE IF NOT EXISTS `lyrics_player`.`tb_album_likes` (
  `tb_albums_aid` INT NOT NULL,
  `tb_users_uid` INT NOT NULL,
  INDEX `fk_tb_album_like_tb_albums1_idx` (`tb_albums_aid` ASC) VISIBLE,
  INDEX `fk_tb_album_likes_tb_users1_idx` (`tb_users_uid` ASC) VISIBLE,
  CONSTRAINT `fk_tb_album_like_tb_albums1`
    FOREIGN KEY (`tb_albums_aid`)
    REFERENCES `lyrics_player`.`tb_albums` (`aid`)
    ON DELETE NO ACTION
    ON UPDATE NO ACTION,
  CONSTRAINT `fk_tb_album_likes_tb_users1`
    FOREIGN KEY (`tb_users_uid`)
    REFERENCES `lyrics_player`.`tb_users` (`uid`)
    ON DELETE NO ACTION
    ON UPDATE NO ACTION)
ENGINE = InnoDB;


-- -----------------------------------------------------
-- Table `lyrics_player`.`tb_playlist`
-- -----------------------------------------------------
CREATE TABLE IF NOT EXISTS `lyrics_player`.`tb_playlist` (
  `tb_users_uid` INT NOT NULL,
  `tb_songs_sid` INT NOT NULL,
  INDEX `fk_tb_playlist_tb_users1_idx` (`tb_users_uid` ASC) VISIBLE,
  INDEX `fk_tb_playlist_tb_songs1_idx` (`tb_songs_sid` ASC) VISIBLE,
  CONSTRAINT `fk_tb_playlist_tb_users1`
    FOREIGN KEY (`tb_users_uid`)
    REFERENCES `lyrics_player`.`tb_users` (`uid`)
    ON DELETE NO ACTION
    ON UPDATE NO ACTION,
  CONSTRAINT `fk_tb_playlist_tb_songs1`
    FOREIGN KEY (`tb_songs_sid`)
    REFERENCES `lyrics_player`.`tb_songs` (`sid`)
    ON DELETE NO ACTION
    ON UPDATE NO ACTION)
ENGINE = InnoDB;


-- -----------------------------------------------------
-- Table `lyrics_player`.`tb_comment_likes`
-- -----------------------------------------------------
CREATE TABLE IF NOT EXISTS `lyrics_player`.`tb_comment_likes` (
  `tb_comments_cid` INT NOT NULL,
  `tb_users_uid` INT NOT NULL,
  INDEX `fk_tb_comment_likes_tb_comments1_idx` (`tb_comments_cid` ASC) VISIBLE,
  INDEX `fk_tb_comment_likes_tb_users1_idx` (`tb_users_uid` ASC) VISIBLE,
  CONSTRAINT `fk_tb_comment_likes_tb_comments1`
    FOREIGN KEY (`tb_comments_cid`)
    REFERENCES `lyrics_player`.`tb_comments` (`cid`)
    ON DELETE NO ACTION
    ON UPDATE NO ACTION,
  CONSTRAINT `fk_tb_comment_likes_tb_users1`
    FOREIGN KEY (`tb_users_uid`)
    REFERENCES `lyrics_player`.`tb_users` (`uid`)
    ON DELETE NO ACTION
    ON UPDATE NO ACTION)
ENGINE = InnoDB;


SET SQL_MODE=@OLD_SQL_MODE;
SET FOREIGN_KEY_CHECKS=@OLD_FOREIGN_KEY_CHECKS;
SET UNIQUE_CHECKS=@OLD_UNIQUE_CHECKS;



-- -----------------------------------------------------
-- Insert Sample Data
-- -----------------------------------------------------

-- 마스터 계정 추가
INSERT INTO tb_users(id, password) VALUES ('qwe', '1234');

-- 뮤지션 추가
INSERT INTO tb_musicians(musician_name, thumbnail_path, registrant_uid) VALUES ('Cole Powell', '/cover/alwayseverbe_cover.jpg', 1);
INSERT INTO tb_musicians(musician_name, thumbnail_path, registrant_uid) VALUES ('Color Out', '/cover/alone_cover.jpg', 1);
INSERT INTO tb_musicians(musician_name, thumbnail_path, registrant_uid) VALUES ('Dylan Emmet', '/cover/somethingsdontchange_cover.jpg', 1);
INSERT INTO tb_musicians(musician_name, thumbnail_path, registrant_uid) VALUES ('Kavi Jezzie Hockaday', '/cover/everyonewillfalldown_cover.jpg', 1);
INSERT INTO tb_musicians(musician_name, thumbnail_path, registrant_uid) VALUES ('MODUS', '/cover/mylove_cover.jpg', 1);
INSERT INTO tb_musicians(musician_name, thumbnail_path, registrant_uid) VALUES ('Nick Ray', '/cover/treadlightly_cover.jpg', 1);
INSERT INTO tb_musicians(musician_name, thumbnail_path, registrant_uid) VALUES ('Niwel', '/cover/leavemeagain_cover.jpg', 1);
INSERT INTO tb_musicians(musician_name, thumbnail_path, registrant_uid) VALUES ('RYYZN', '/cover/secrets_cover.jpg', 1);
INSERT INTO tb_musicians(musician_name, thumbnail_path, registrant_uid) VALUES ('Vince Miranda', '/cover/masalla_cover.jpg', 1);

INSERT INTO tb_albums(album_name, tb_musicians_mid, thumbnail_path, registrant_uid) VALUES ('Cole Powell 1집', (SELECT mid FROM tb_musicians WHERE musician_name='Cole Powell'), '/cover/alwayseverbe_cover.jpg', 1);
INSERT INTO tb_albums(album_name, tb_musicians_mid, thumbnail_path, registrant_uid) VALUES ('Color Out 1집', (SELECT mid FROM tb_musicians WHERE musician_name='Color Out'), '/cover/alone_cover.jpg', 1);
INSERT INTO tb_albums(album_name, tb_musicians_mid, thumbnail_path, registrant_uid) VALUES ('Dylan Emmet 1집', (SELECT mid FROM tb_musicians WHERE musician_name='Dylan Emmet'), '/cover/somethingsdontchange_cover.jpg', 1);
INSERT INTO tb_albums(album_name, tb_musicians_mid, thumbnail_path, registrant_uid) VALUES ('Kavi Jezzie Hockaday 1집', (SELECT mid FROM tb_musicians WHERE musician_name='Kavi Jezzie Hockaday'), '/cover/everyonewillfalldown_cover.jpg', 1);
INSERT INTO tb_albums(album_name, tb_musicians_mid, thumbnail_path, registrant_uid) VALUES ('MODUS 1집', (SELECT mid FROM tb_musicians WHERE musician_name='MODUS'), '/cover/mylove_cover.jpg', 1);
INSERT INTO tb_albums(album_name, tb_musicians_mid, thumbnail_path, registrant_uid) VALUES ('Nick Ray 1집', (SELECT mid FROM tb_musicians WHERE musician_name='Nick Ray'), '/cover/treadlightly_cover.jpg', 1);
INSERT INTO tb_albums(album_name, tb_musicians_mid, thumbnail_path, registrant_uid) VALUES ('Niwel 1집', (SELECT mid FROM tb_musicians WHERE musician_name='Niwel'), '/cover/leavemeagain_cover.jpg', 1);
INSERT INTO tb_albums(album_name, tb_musicians_mid, thumbnail_path, registrant_uid) VALUES ('RYYZN 1집', (SELECT mid FROM tb_musicians WHERE musician_name='RYYZN'), '/cover/secrets_cover.jpg', 1);
INSERT INTO tb_albums(album_name, tb_musicians_mid, thumbnail_path, registrant_uid) VALUES ('Vince Miranda 1집', (SELECT mid FROM tb_musicians WHERE musician_name='Vince Miranda'), '/cover/masalla_cover.jpg', 1);

-- 앨범 및 노래 추가 --
INSERT INTO tb_songs(song_name, playtime, thumbnail_path, tb_albums_aid, album, lyrics, registrant_uid) VALUES ('Always Ever Be', '161', '/cover/alwayseverbe_cover.jpg', (SELECT aid FROM tb_albums WHERE album_name='Cole Powell 1집'), 'Cole Powell 1집', 'So, here we sit again \
Just you and me and no more friends \
So it suits you to begin \
That same old useless argument \
I swear you\'ve used a thousand times \
Just so you can waste my mind \
Away \
So, here we go again \
I wish I had a wealthy friend \
For every wasted word of time \
Delivered by your voice divine \
I swear it\'s not to tax your mind \
I don\'t say "love" a thousand times \
A day \
So, here go the games we\'re playing \
Woah-oh-oh-oh \
I\'ll sing you every love song \
Woah-oh-oh-oh \
I\'ll take back all I\'ve said wrong \
Woah-oh-oh-oh \
So tell me what must I do now \
To prove that I still love you \
I promise you I\'ll give you all the \
Gold that pirates took \
The stars and the moon and every \
Cliche in the book \
I\'ll write you to show you you\'ll \
Always ever be my love \
So, won\'t you chew on that \
While I just sit here getting fat \
Off heavy conversations that \
Are meaningless and that\'s a fact \
I\'m sorry all the countless acts \
Of love are not just where it\'s at \
For you \
Cause any fool can say "I love you" \
And \
Woah-oh-oh-oh \
I\'ll sing you every love song \
Woah-oh-oh-oh \
I\'ll take back all I\'ve said wrong \
Woah-oh-oh-oh \
So tell me what must I do now \
To prove that I still love you \
I promise you I\'ll give you all the \
Gold that pirates took \
The stars and the moon and every \
Cliché in the book \
I\'ll write you to show you you\'ll \
Always ever be my love \
Woah-oh-oh \
Woah-oh-oh \
Woah-oh-oh \
I promise you I\'ll give you all the \
Gold that pirates took \
The stars and the moon and every \
Cliche in the book \
I\'ll write you to show you you\'ll \
Always ever be my love', 1);

INSERT INTO tb_songs(song_name, playtime, thumbnail_path, tb_albums_aid, album, lyrics, registrant_uid) VALUES ('Not the One to Say I Told You So', '236', '/cover/nottheonetosay_cover.jpg', (SELECT aid FROM tb_albums WHERE album_name='Cole Powell 1집'), 'Cole Powell 1집', 'You wake up this morning, rain is falling \
You don\'t know why he didn\'t say goodbye \
Your phone keeps ringing, but it\'s not him calling \
You \
You wonder if he\'s satisfied \
Got a feeling he won\'t come around again \
Oh, no \
And you don\'t know why \
Oh, no, well \
You don\'t know, but it really don\'t matter \
\'Cause even though I know, I don\'t fell any better \
I tried to tell you, I tried to tell you, now \
Tell me, do you \
Hear the rain falling on your window? \
Let it come down and wash away your sorrow \
\'Cause I\'m not the one, no \
I\'m not the one to say \
To say I told you so \
It\'s late in the evening, rain\'s still falling. \
You\'re still waiting on his call \
Your heart is sinking, skin is crawling \
You know your world\'s about to fall \
On down. \
You know inside it\'s no use waiting anymore \
Oh, no \
And you still don\'t know why \
Oh, no, well \
You don\'t know, but it really don\'t matter \
\'Cause even though I know, I don\'t fell any better \
I tried to tell you, I tried to tell you, now \
Tell me, do you \
Hear the rain falling on your window? \
Let it come down and wash away your sorrow \
\'Cause I\'m not the one, no \
I\'m not the one to say \
To say I told you so \
But you wouldn\'t listen to me \
It\'s not like we were best friends \
Or anything \
Along those lines \
Like you had a reason \
To follow my advice \
You just followed your own rules \
And ended up a fool \
But I won\'t tell you \
To your pretty face \
It\'s not my place \
Yeah, yeah, yeah \
No, no, na, na \
Won\'t tell you, no \
Won\'t tell you \
Won\'t say it, I \
Won\'t say it \
Oh, no, no, no', 1);

INSERT INTO tb_songs(song_name, playtime, thumbnail_path, tb_albums_aid, album, lyrics, registrant_uid) VALUES ('Alone', '236', '/cover/alone_cover.jpg', (SELECT aid FROM tb_albums WHERE album_name='Color Out 1집'), 'Color Out 1집', 'This place \
Why would anybody wanna stay? \
Out of all the choices you could make \
You chose to spend your days \
Riding these trains and subways \
Yeah I know \
Just exactly what you would say \
I wouldn\'t understand what makes it great \
But my dear, I\'m so sad to say \
That I can\'t wait to leave this place \
When there is no where else for you to go \
Don\'t call on me \
These streets and empty bars will guide you home \
Cause I know just what it means to leave \
Tell me when you go to sleep \
Do you ever think of me? \
Don\'t you ever wish you weren\'t alone? \
Some days \
I still wonder if we\'ll meet again \
And would we hit it off or just pretend \
Like we were hardly friends \
A one night stand on a long weekend? \
Yeah I know \
Just exactly what you would say \
Play it off like everything is great \
Confuse this all for fate \
Like stars have never aligned so straight \
But I know this was never meant to be \
Tell me when you go to sleep \
Do you ever dream of me? \
Don\'t you ever wish you weren\'t alone? \
I feel like I\'ve \
Been here so many times before', 1);

INSERT INTO tb_songs(song_name, playtime, thumbnail_path, tb_albums_aid, album, lyrics, registrant_uid) VALUES ('Some Things Dont Change', '203', '/cover/somethingsdontchange_cover.jpg', (SELECT aid FROM tb_albums WHERE album_name='Dylan Emmet 1집'), 'Dylan Emmet 1집', 'Waking up this morning \
The last thing I thought I\'d be \
Thinking about would be you \
I open up the blinds and saw \
Your hair-tie on my windowsill \
Not gonna lie \
Haven\'t talked to you in a while \
What if I just hit you up? \
Would it still feel the same? \
What if I hit you up? \
Said I was coming to your place? \
Your place \
Driving til midnight just to turn around \
Wish I knew where I was going now \
Cause I\'m not the same \
That I used to be \
But some things don\'t change \
Yeah some things don\'t change \
Bet you\'re just as fly \
As you were that night \
That we both got high on the bleachers \
And got kicked out \
In over our heads as we looked at the stars \
Nothing can tear us apart \
Like Nothing \
Nothing can tear us apart \
I knew the minute I saw you \
Standing there in line \
It had to be fate \
Too in your phone to even \
Notice me til I came and said \
Hi \
I know that it\'s been a long time \
But it\'s crazy cause I just \
Thought of you just the other day \
Never takes long with us \
Following you back to your place \
Your place \
Feels like we\'re right where we left off but now \
I\'ll make sure this time I make it count \
We\'re not the same that we used to be \
But some things don\'t change \
Yeah some things don\'t change \
You\'re still just as fly \
As you were that night \
That we both got high on the bleachers \
And fell in love \
In over our heads as we looked at the stars \
Nothing can tear us apart \
Like nothing \
Nothing can tear us apart \
In over our heads as we looked at the stars \
Nothing can tear us apart \
Like nothing \
Nothing can tear us apart', 1);

INSERT INTO tb_songs(song_name, playtime, thumbnail_path, tb_albums_aid, album, lyrics, registrant_uid) VALUES ('Dont Throw Your Light Away', '183', '/cover/dontthrowyourlightaway_cover.jpg', (SELECT aid FROM tb_albums WHERE album_name='Kavi Jezzie Hockaday 1집'), 'Kavi Jezzie Hockaday 1집', 'The hardest thing is falling \
You don\'t know where you\'ll land \
Your mind will tell you anything \
And you won\'t understand \
You\'re letting go of what you knew \
And falling into space \
Falling into emptiness \
And that\'s the way of grace \
Hold on to nothing that you knew \
Let go of everything you do \
The freedom is in the falling \
That\'s all you need to know \
Freedom is just a calling \
That\'s all you need to know \
The hardest thing is falling \
You don\'t know if you\'ll land \
Your mind will run in circles \
And you won\'t understand \
You\'re letting go of everyone \
And everything you knew \
There\'s nothing you can do or say \
The only way is through \
Hold on to nothing that you knew \
Let go of everything you do \
The freedom is in the falling \
That\'s all you need to know \
Freedom is just a calling \
That\'s all you need to know', 1);

INSERT INTO tb_songs(song_name, playtime, thumbnail_path, tb_albums_aid, album, lyrics, registrant_uid) VALUES ('Everyone Will Fall Down', '260', '/cover/everyonewillfalldown_cover.jpg', (SELECT aid FROM tb_albums WHERE album_name='Kavi Jezzie Hockaday 1집'), 'Kavi Jezzie Hockaday 1집', 'Fall down \
I think I\'m gonna fall down \
Through sound \
Think that I can hear now \
Silence, silence all around me \
I live here, falling through eternity \
What am I supposed to say or do (do now) \
I was the one to give it all away to you \
I think I\'ll fall down \
Everything will fall down now \
It was easy \
When I stopped believing \
I found myself \
Then I started seeing \
I fall here, I can\'t see the meaning \
All I know, I\'m following my feeling \
What am I supposed to say or do \
I was the one to give it all away to you \
I think I\'ll fall down \
Everything will fall down now \
I think I\'ll fall down \
And every one will fall down now \
I think I\'ll fall.', 1);

INSERT INTO tb_songs(song_name, playtime, thumbnail_path, tb_albums_aid, album, lyrics, registrant_uid) VALUES ('My Love', '234', '/cover/mylove_cover.jpg', (SELECT aid FROM tb_albums WHERE album_name='MODUS 1집'), 'MODUS 1집', 'My every single breath is based on you \
My heart caught an arrow \
The only thing that gives me sense of life \
For tomorrow \
My love you know I need you here and now \
My love I\'m blinded by your perfect nature \
My love I can\'t stop the feeling now \
Burning burning burning \
My love you came and lift me off the ground \
My love that make my life feels like adventure \
My love healed my lonely world \
Hold me, hold me, hold me \
You showed me what\'s the meaning of the truth \
My sunrise fire \
You gave me understanding of the life \
I\'m inspired', 1);

INSERT INTO tb_songs(song_name, playtime, thumbnail_path, tb_albums_aid, album, lyrics, registrant_uid) VALUES ('Tread Lightly', '189', '/cover/treadlightly_cover.jpg', (SELECT aid FROM tb_albums WHERE album_name='Nick Ray 1집'), 'Nick Ray 1집', 'Take a look inside my head to see what troubles me, \
we have a long way to go and we will never be the same, \
I can feel all this emptyness drowning in my soul and \
I dont need no ones sympathy, I just wish that someone would understand me \
You can let me down but tread lightly on me \
or I will build up all of this walls \
You can let me down but tread lightly on me \
or I will build up all of this walls \
Before you lay me down there is one thing I need, \
Can leave me to my own devices \
We get down on ourselves for no reason most of the time, \
In todays new society, you better keep up or youll die, \
I can feel all this emptyness drowning in my soul and \
I dont need no ones sympathy, I just wish that someone would understand me \
You can let me down but tread lightly on me \
or I will build up all of this walls \
You can let me down but tread lightly on me \
or I will build up all of this walls \
Before you lay me down there is one thing I need, \
Can leave me to my own devices', 1);

INSERT INTO tb_songs(song_name, playtime, thumbnail_path, tb_albums_aid, album, lyrics, registrant_uid) VALUES ('Leave Me Again', '229', '/cover/leavemeagain_cover.jpg', (SELECT aid FROM tb_albums WHERE album_name='Niwel 1집'), 'Niwel 1집', 'I\'m still alone \
Since you left me nothin\' has been to sing \
There\'s no time for regret \
But I remember how us let me your chest \
I want to forget it \
Take a breath and leave you away, away \
That is not the easy \
Cause you make me miss you again, again \
If you on this town, If you on this town \
Don\'t leave me again, leave me again \
If you on this town, If you on this town \
Don\'t leave me again, leave me again \
I\'m still alone \
Since you left me nothin\' has been to sing \
There\'s no time for regret \
But I remember how us let me your chest \
I want to forget it \
Take a breath and leave you away, away \
That is not the easy \
Cause you make me miss you again, again \
If you on this town, If you on this town \
Don\'t leave me again, leave me again \
If you on this town, If you on this town \
Don\'t leave me again, leave me again \
Leave me again, leave me again \
Don\'t leave me again, leave me again', 1);

INSERT INTO tb_songs(song_name, playtime, thumbnail_path, tb_albums_aid, album, lyrics, registrant_uid) VALUES ('Passionate Affair', '147', '/cover/passionateaffair_cover.jpg', (SELECT aid FROM tb_albums WHERE album_name='RYYZN 1집'), 'RYYZN 1집', 'Take my hand you\'ll be okay \
Take my hand let come what may \
Take my hand you\'ll be okay \
Maybe we\'ll go there \
Passionate affair \
Yah I\'m on the track and I hit it fantastic \
Gonna sell ‘em all gonna get that mad plastic \
Yah stuck inside and I feel a tad spastic \
Hunger never satisfied \
Such a fat bastard \
Raining never stopping \
We stuck inside always poppin’ \
We made a lot of predictions \
And most of them we are toppin’ \
We coming up with some more \
We don\'t got the time to tour \
In a couple years I\'m hoping that maybe we aren\'t as poor \
We built enough to know \
We had to start again \
To see the end, yeah \
To see the end, yeah \
Woah \
You still won’t believe it though \
They called your bluff again \
So don’t pretend, yeah \
So don’t pretend, yeah \
Woah \
Take my hand you\'ll be okay \
Take my hand let come what may \
Take my hand you\'ll be okay \
Maybe we\'ll go there \
Passionate affair \
Yah they takin’ hands takin’ hands yah take ‘em all \
Make a hundred bands hundred bands yah we make ‘em all \
Never understand understand need tylenol \
Lying on the gram on the gram gon\' find ‘em all \
Yah gettin’ messed up getting back up \
Feeling more pain makin’ more rain \
My attacks up \
Rack ups won\'t pass up \
What I got here \
Bad cop so damn hot \
He don\'t got fear \
Passionate ration it \
Bad for it mad for it \
Overboard overlord \
Show himself \
On a poster board \
We built enough to know \
We had to start again \
To see the end, yeah \
To see the end, yeah \
Woah \
You still won’t believe it though \
They called your bluff again \
So don’t pretend, yeah \
So don’t pretend, yeah \
Woah \
Take my hand you\'ll be okay \
Take my hand let come what may \
Take my hand you\'ll be okay \
Maybe we\'ll go there \
Passionate affair', 1);

INSERT INTO tb_songs(song_name, playtime, thumbnail_path, tb_albums_aid, album, lyrics, registrant_uid) VALUES ('Secrets', '163', '/cover/secrets_cover.jpg', (SELECT aid FROM tb_albums WHERE album_name='RYYZN 1집'), 'RYYZN 1집', 'I\'ll never tell \
Never tell \
Just trust \
That I\'ll keep it locked in a cell \
Never revealing those \
Secrets you\'re keeping \
These promises strong as a spell I\'ll never tell \
Yah I like you \
That\'s for sure \
Never have to close the door \
Been a long time \
A year or four \
And I\'m missing you so bad \
Gone away a \
Month or more \
Every show I call before \
Need to hear that voice \
\'Cause right now feel\'s like it\'s been too long \
I could never let let you go \
Or go on thinking about \
Those secrets true \
And I would never bet \
Bet the world that I will find anyone like you \
I\'ll never tell \
Never tell \
Just trust \
That I\'ll keep it locked in a cell \
Never revealing those \
Secrets you\'re keeping \
These promises strong as a spell I\'ll never tell \
You\'re an angel \
That\'s for sure \
With some devil \
Hear ya roar \
But I like it we on the floor \
In my ear you be whispering \
Used to have fun now I\'m bored \
Do I miss you? \
Yes of course \
Think about that time \
When we stayed up all night talking \
I could never let let you go \
Or go on thinking about \
Those secrets true \
And I would never bet \
Bet the world \
That I will find anyone like you \
I\'ll never tell \
Never tell \
Just trust \
That I\'ll keep it locked in a cell \
Never revealing those \
Secrets you\'re keeping \
These promises strong as a spell I\'ll never tell', 1);

INSERT INTO tb_songs(song_name, playtime, thumbnail_path, tb_albums_aid, album, lyrics, registrant_uid) VALUES ('Mas Alla', '244', '/cover/masalla_cover.jpg', (SELECT aid FROM tb_albums WHERE album_name='Vince Miranda 1집'), 'Vince Miranda 1집', 'Hear the cry of your will \
As he asks with all his might for freedom \
Name your happiness \
What takes you away and sleep? and is drawing \
A part of you, in the book of the end of time \
open the door start walking \
Don\'t choose a course, just let yourself go \
If you have a hand, offer it to someone else \
If you have a heart, teach him what to love \
It\'s more than a beautiful moment, it\'s like a child \
Running, screaming in the wind I love you, I love you \
na nara na na \
It is the voice that sings to freedom \
na nara nana \
It\'s time to speak up and tell the truth \
na nara nana \
Give yourself the opportunity to go further \
Tell me if you remember when it was \
That last morning that you felt a great desire to live, to live love \
Tell me if you\'ve been in love \
And the music has led you to write a song \
From the depths of your heart \
That magical moment when your soul becomes one with the universe \
na nara na na \
It is the voice that sings to freedom \
na nara nana \
It\'s time to speak up and tell the truth \
na nara nana \
Give yourself the opportunity to go further \
na nara na na \
It is the voice that sings to freedom \
na nara nana \
It\'s time to speak up and tell the truth \
na nara nana \
Give yourself the opportunity to go further', 1);